{"cameraMode":{"drawMode":0,"name":"Shaded","section":"Shading Mode"},"sceneLighting":false,"audioPlay":false,"sceneViewState":{"m_AlwaysRefresh":false,"showFog":true,"showSkybox":false,"showFlares":true,"showImageEffects":true,"showParticleSystems":true,"showVisualEffectGraphs":true,"m_FxEnabled":true},"in2DMode":false,"pivot":{"x":-0.03799080848693848,"y":0.411897212266922,"z":-0.07758070528507233},"rotation":{"x":0.0283665731549263,"y":0.7946349382400513,"z":-0.03721572831273079,"w":0.6053195595741272},"size":0.5948100090026856,"orthographic":false}