{"cameraMode":{"drawMode":0,"name":"Shaded","section":"Shading Mode"},"sceneLighting":false,"audioPlay":false,"sceneViewState":{"m_AlwaysRefresh":false,"showFog":true,"showSkybox":false,"showFlares":true,"showImageEffects":true,"showParticleSystems":true,"showVisualEffectGraphs":true,"m_FxEnabled":true},"in2DMode":false,"pivot":{"x":0.03249931335449219,"y":0.4614750146865845,"z":1.6941306591033936},"rotation":{"x":-0.16781775653362275,"y":0.2603813111782074,"z":-0.04600828140974045,"w":-0.9497106671333313},"size":4.839234352111816,"orthographic":false}