{"cameraMode":{"drawMode":0,"name":"Shaded","section":"Shading Mode"},"sceneLighting":false,"audioPlay":false,"sceneViewState":{"m_AlwaysRefresh":false,"showFog":true,"showSkybox":false,"showFlares":true,"showImageEffects":true,"showParticleSystems":true,"showVisualEffectGraphs":true,"m_FxEnabled":true},"in2DMode":false,"pivot":{"x":0.065508171916008,"y":0.1030852198600769,"z":-0.19604933261871339},"rotation":{"x":0.00572292972356081,"y":-0.9646772742271423,"z":0.2626367509365082,"w":0.0211617574095726},"size":1.1480666399002076,"orthographic":false}