{"cameraMode":{"drawMode":0,"name":"Shaded","section":"Shading Mode"},"sceneLighting":false,"audioPlay":false,"sceneViewState":{"m_AlwaysRefresh":false,"showFog":true,"showSkybox":false,"showFlares":true,"showImageEffects":true,"showParticleSystems":true,"showVisualEffectGraphs":true,"m_FxEnabled":true},"in2DMode":false,"pivot":{"x":-0.08636951446533203,"y":-0.3774818480014801,"z":-0.34127020835876467},"rotation":{"x":0.1249556615948677,"y":0.7649692296981812,"z":-0.15610645711421967,"w":0.6122795343399048},"size":0.8467365503311157,"orthographic":false}