{"cameraMode":{"drawMode":0,"name":"Shaded","section":"Shading Mode"},"sceneLighting":false,"audioPlay":false,"sceneViewState":{"m_AlwaysRefresh":false,"showFog":true,"showSkybox":false,"showFlares":true,"showImageEffects":true,"showParticleSystems":true,"showVisualEffectGraphs":true,"m_FxEnabled":true},"in2DMode":false,"pivot":{"x":-14.157838821411133,"y":3.3084707260131838,"z":5.01004695892334},"rotation":{"x":-0.48842447996139529,"y":-0.008640947751700879,"z":0.004836567211896181,"w":-0.8725528717041016},"size":38.241920471191409,"orthographic":false}